-- phpMyAdmin SQL Dump
-- version 4.6.5.2
-- https://www.phpmyadmin.net/
--
-- Anamakine: 127.0.0.1
-- Üretim Zamanı: 03 May 2017, 04:27:36
-- Sunucu sürümü: 5.5.43
-- PHP Sürümü: 5.6.30

SET SQL_MODE = "NO_AUTO_VALUE_ON_ZERO";
SET time_zone = "+00:00";


/*!40101 SET @OLD_CHARACTER_SET_CLIENT=@@CHARACTER_SET_CLIENT */;
/*!40101 SET @OLD_CHARACTER_SET_RESULTS=@@CHARACTER_SET_RESULTS */;
/*!40101 SET @OLD_COLLATION_CONNECTION=@@COLLATION_CONNECTION */;
/*!40101 SET NAMES utf8mb4 */;

--
-- Veritabanı: `denizci`
--

-- --------------------------------------------------------

--
-- Tablo için tablo yapısı `boats`
--

CREATE TABLE `boats` (
  `bid` int(11) NOT NULL,
  `bname` varchar(50) DEFAULT NULL,
  `color` varchar(50) DEFAULT NULL
) ENGINE=InnoDB DEFAULT CHARSET=latin1;

--
-- Tablo döküm verisi `boats`
--

INSERT INTO `boats` (`bid`, `bname`, `color`) VALUES
(1, 'Christine', 'Goldenrod'),
(2, 'Nicole', 'Aquamarine'),
(3, 'Ashley', 'Turquoise'),
(4, 'Susan', 'Khaki'),
(5, 'Jessica', 'Aquamarine'),
(6, 'Sandra', 'Blue'),
(7, 'Dorothy', 'Purple'),
(8, 'Lori', 'Green'),
(9, 'Angela', 'Maroon'),
(10, 'Melissa', 'Blue'),
(11, 'Cynthia', 'Aquamarine'),
(12, 'Rose', 'Turquoise'),
(13, 'Patricia', 'Green'),
(14, 'Donna', 'Purple'),
(15, 'Marie', 'Teal'),
(16, 'Katherine', 'Teal'),
(17, 'Janet', 'Green'),
(18, 'Linda', 'Green'),
(19, 'Doris', 'Puce'),
(20, 'Ruth', 'Turquoise'),
(21, 'Kathleen', 'Blue'),
(22, 'Anne', 'Turquoise'),
(23, 'Bonnie', 'Green'),
(24, 'Marilyn', 'Green'),
(25, 'Donna', 'Khaki'),
(26, 'Lori', 'Indigo'),
(27, 'Patricia', 'Mauv'),
(28, 'Judith', 'Khaki'),
(29, 'Tina', 'Green'),
(30, 'Tina', 'Puce'),
(31, 'Dorothy', 'Pink'),
(32, 'Pamela', 'Blue'),
(33, 'Sandra', 'Maroon'),
(34, 'Tammy', 'Purple'),
(35, 'Betty', 'Green'),
(36, 'Deborah', 'Yellow'),
(37, 'Donna', 'Fuscia'),
(38, 'Kathleen', 'Red'),
(39, 'Jane', 'Purple'),
(40, 'Martha', 'Puce'),
(41, 'Donna', 'Crimson'),
(42, 'Sharon', 'Green'),
(43, 'Donna', 'Puce'),
(44, 'Cynthia', 'Red'),
(45, 'Pamela', 'Teal'),
(46, 'Tammy', 'Khaki'),
(47, 'Tina', 'Yellow'),
(48, 'Kathryn', 'Turquoise'),
(49, 'Jane', 'Red'),
(50, 'Phyllis', 'Puce');

-- --------------------------------------------------------

--
-- Tablo için tablo yapısı `rezervasyon`
--

CREATE TABLE `rezervasyon` (
  `sid` varchar(4) DEFAULT NULL,
  `bid` varchar(3) DEFAULT NULL,
  `date` date DEFAULT NULL
) ENGINE=InnoDB DEFAULT CHARSET=latin1;

--
-- Tablo döküm verisi `rezervasyon`
--

INSERT INTO `rezervasyon` (`sid`, `bid`, `date`) VALUES
('552', '47', '2008-07-15'),
('56', '5', '2008-06-26'),
('286', '38', '2006-07-25'),
('192', '26', '2008-05-03'),
('844', '13', '2010-11-22'),
('979', '37', '2015-04-20'),
('890', '20', '2013-06-22'),
('550', '36', '2006-03-07'),
('273', '23', '2009-09-21'),
('380', '28', '2005-03-29'),
('362', '36', '2008-10-01'),
('509', '17', '2010-08-22'),
('681', '18', '2014-02-03'),
('840', '40', '2006-11-14'),
('290', '36', '2008-04-30'),
('112', '40', '2013-05-08'),
('728', '11', '2011-05-29'),
('652', '3', '2005-07-27'),
('697', '30', '2010-01-26'),
('312', '10', '2009-01-21'),
('72', '8', '2015-02-03'),
('87', '26', '2013-06-08'),
('788', '7', '2011-09-16'),
('288', '40', '2013-10-23'),
('395', '10', '2008-12-14'),
('268', '30', '2011-11-09'),
('716', '42', '2007-07-03'),
('185', '14', '2005-04-25'),
('931', '39', '2007-09-14'),
('99', '12', '2009-08-25'),
('602', '9', '2008-06-21'),
('218', '44', '2012-01-06'),
('595', '37', '2015-06-27'),
('467', '44', '2014-09-01'),
('288', '48', '2014-06-19'),
('586', '45', '2006-11-28'),
('808', '43', '2013-10-31'),
('729', '12', '2005-11-24'),
('817', '31', '2008-01-24'),
('820', '8', '2014-08-26'),
('487', '8', '2006-01-19'),
('775', '21', '2013-08-09'),
('841', '26', '2014-05-10'),
('337', '8', '2006-02-12'),
('245', '20', '2012-12-03'),
('603', '36', '2006-12-29'),
('20', '10', '2009-05-14'),
('62', '27', '2009-08-06'),
('524', '42', '2008-02-13'),
('295', '15', '2006-10-21'),
('367', '44', '2008-07-27'),
('366', '7', '2009-01-17'),
('788', '42', '2008-06-23'),
('716', '13', '2009-09-10'),
('271', '38', '2013-01-14'),
('763', '23', '2010-09-02'),
('632', '16', '2006-12-05'),
('883', '20', '2014-09-08'),
('112', '40', '2011-09-02'),
('88', '22', '2013-11-06'),
('628', '42', '2011-07-24'),
('439', '16', '2015-11-07'),
('385', '33', '2013-04-04'),
('556', '26', '2006-02-12'),
('121', '34', '2010-11-05'),
('176', '7', '2007-08-08'),
('85', '8', '2015-04-14'),
('648', '49', '2015-03-09'),
('195', '16', '2010-07-26'),
('249', '25', '2006-12-31'),
('332', '38', '2014-05-09'),
('553', '5', '2011-07-26'),
('79', '42', '2006-03-15'),
('448', '11', '2009-05-05'),
('596', '5', '2010-01-18'),
('648', '19', '2012-02-11'),
('879', '24', '2013-07-03'),
('64', '42', '2012-10-16'),
('124', '8', '2007-05-09'),
('825', '34', '2013-11-28'),
('419', '26', '2008-04-15'),
('875', '19', '2013-12-29'),
('454', '27', '2005-06-21'),
('163', '31', '2008-03-12'),
('628', '46', '2010-07-14'),
('486', '30', '2009-12-13'),
('669', '12', '2009-08-09'),
('95', '47', '2006-03-19'),
('806', '41', '2006-08-18'),
('219', '19', '2012-07-31'),
('723', '19', '2008-12-27'),
('391', '49', '2006-09-07'),
('54', '10', '2008-08-08'),
('727', '45', '2013-03-02'),
('894', '48', '2010-02-08'),
('395', '39', '2010-07-13'),
('734', '23', '2014-08-10'),
('118', '47', '2015-05-20'),
('279', '16', '2013-10-29'),
('720', '6', '2013-05-12'),
('872', '13', '2007-10-09'),
('643', '6', '2012-04-02'),
('195', '45', '2016-02-27'),
('431', '31', '2012-02-13'),
('775', '23', '2015-08-25'),
('16', '28', '2014-07-12'),
('615', '49', '2010-08-10'),
('19', '26', '2011-08-15'),
('863', '7', '2010-06-05'),
('284', '40', '2013-11-02'),
('924', '12', '2009-08-10'),
('938', '44', '2013-10-29'),
('467', '2', '2013-10-11'),
('729', '42', '2008-05-13'),
('146', '6', '2015-06-17'),
('962', '30', '2013-12-03'),
('896', '35', '2010-05-12'),
('176', '32', '2013-06-18'),
('658', '13', '2015-06-26'),
('132', '49', '2006-12-14'),
('190', '2', '2011-11-21'),
('435', '21', '2014-06-02'),
('450', '35', '2011-03-19'),
('628', '16', '2009-12-17'),
('299', '23', '2008-01-05'),
('920', '6', '2008-12-27'),
('711', '12', '2015-11-03'),
('786', '32', '2011-11-01'),
('930', '40', '2007-07-11'),
('721', '13', '2012-07-05'),
('4', '38', '2006-02-12'),
('348', '2', '2014-03-07'),
('652', '24', '2006-12-02'),
('299', '10', '2012-05-07'),
('893', '31', '2010-12-14'),
('559', '2', '2012-02-08'),
('422', '23', '2005-07-15'),
('348', '44', '2015-08-04'),
('584', '24', '2014-01-03'),
('286', '17', '2005-05-31'),
('232', '33', '2009-07-04'),
('110', '3', '2008-02-12'),
('891', '36', '2007-11-28'),
('384', '11', '2012-07-23'),
('962', '20', '2005-10-19'),
('338', '22', '2008-04-30'),
('414', '41', '2005-08-25'),
('708', '43', '2014-06-17'),
('282', '21', '2012-10-21'),
('276', '48', '2015-07-26'),
('6', '24', '2008-04-23'),
('480', '47', '2014-01-24'),
('781', '5', '2006-05-04'),
('214', '45', '2015-05-17'),
('411', '41', '2013-05-04'),
('129', '35', '2013-02-02'),
('388', '26', '2012-07-03'),
('867', '43', '2013-01-24'),
('828', '49', '2015-02-28'),
('87', '17', '2006-08-09'),
('212', '12', '2005-10-04'),
('764', '21', '2011-11-10'),
('201', '38', '2010-11-07'),
('265', '14', '2007-09-26'),
('841', '48', '2015-09-30'),
('11', '2', '2008-06-21'),
('454', '42', '2006-05-20'),
('119', '9', '2008-11-05'),
('771', '19', '2007-09-22'),
('47', '31', '2009-07-30'),
('287', '6', '2006-10-03'),
('652', '3', '2006-09-22'),
('977', '15', '2007-03-29'),
('78', '43', '2007-08-07'),
('140', '45', '2007-06-14'),
('626', '14', '2009-05-14'),
('932', '24', '2006-06-07'),
('187', '35', '2013-08-11'),
('538', '41', '2006-12-13'),
('433', '32', '2014-01-23'),
('793', '23', '2008-02-16'),
('592', '42', '2008-04-11'),
('663', '46', '2012-06-08'),
('589', '47', '2008-05-25'),
('931', '10', '2014-12-10'),
('716', '21', '2015-05-07'),
('391', '31', '2006-01-26'),
('65', '27', '2014-08-15'),
('264', '3', '2010-10-13'),
('916', '36', '2010-11-22'),
('962', '29', '2006-10-21'),
('766', '11', '2009-10-25'),
('957', '18', '2012-05-28'),
('724', '31', '2015-01-16'),
('837', '23', '2012-10-10'),
('579', '22', '2010-04-16'),
('268', '22', '2008-12-02'),
('826', '5', '2005-10-20'),
('387', '19', '2009-02-11'),
('233', '21', '2009-09-05'),
('613', '9', '2009-03-13'),
('669', '19', '2012-02-10'),
('45', '6', '2011-11-04'),
('285', '23', '2008-05-16'),
('216', '8', '2007-09-15'),
('204', '16', '2015-01-02'),
('65', '43', '2008-06-30'),
('159', '41', '2015-03-15'),
('368', '9', '2014-12-15'),
('796', '24', '2008-10-24'),
('835', '13', '2012-11-27'),
('49', '25', '2007-09-18'),
('861', '23', '2007-09-14'),
('516', '28', '2008-05-10'),
('475', '12', '2015-07-01'),
('888', '17', '2008-11-17'),
('925', '29', '2011-09-19'),
('578', '27', '2009-06-01'),
('815', '45', '2009-12-10'),
('440', '30', '2010-01-23'),
('279', '45', '2015-04-09'),
('78', '30', '2015-08-18'),
('56', '11', '2009-05-02'),
('276', '12', '2006-07-06'),
('426', '46', '2012-07-06'),
('467', '28', '2014-11-22'),
('183', '6', '2006-01-25'),
('339', '2', '2011-10-09'),
('46', '32', '2009-07-27'),
('563', '36', '2005-07-08'),
('385', '28', '2015-09-19'),
('931', '8', '2012-09-05'),
('754', '26', '2011-07-29'),
('589', '13', '2008-07-25'),
('127', '15', '2005-09-15'),
('386', '8', '2008-10-23'),
('646', '3', '2009-04-30'),
('851', '11', '2006-10-03'),
('541', '30', '2009-12-31'),
('494', '23', '2010-06-25'),
('850', '7', '2014-05-02'),
('587', '22', '2006-07-04'),
('828', '44', '2012-11-02'),
('371', '26', '2012-06-28'),
('812', '9', '2009-03-03'),
('10', '15', '2014-09-18'),
('864', '29', '2012-04-01'),
('525', '25', '2006-09-23'),
('874', '37', '2015-07-09'),
('17', '29', '2010-01-23'),
('14', '27', '2005-05-28'),
('817', '40', '2009-06-20'),
('338', '31', '2015-05-20'),
('671', '40', '2012-01-25'),
('36', '41', '2010-06-28'),
('185', '10', '2012-02-27'),
('920', '39', '2009-05-13'),
('590', '24', '2014-06-28'),
('302', '2', '2010-09-03'),
('709', '36', '2013-05-17'),
('351', '38', '2012-03-29'),
('40', '5', '2011-09-01'),
('360', '11', '2005-08-06'),
('459', '44', '2005-04-14'),
('124', '25', '2013-08-18'),
('639', '41', '2010-02-23'),
('806', '50', '2013-05-01'),
('329', '37', '2008-07-20'),
('99', '39', '2009-07-02'),
('697', '49', '2009-09-01'),
('229', '6', '2014-08-01'),
('707', '26', '2006-11-03'),
('605', '35', '2010-07-03'),
('398', '33', '2007-09-03'),
('904', '4', '2007-10-13'),
('905', '7', '2009-05-10'),
('33', '50', '2011-06-08'),
('89', '31', '2006-11-16'),
('692', '14', '2007-08-06'),
('536', '50', '2014-02-14'),
('168', '40', '2005-10-28'),
('408', '17', '2007-01-07'),
('143', '46', '2013-10-24'),
('933', '26', '2006-12-26'),
('662', '10', '2010-10-16'),
('360', '39', '2006-02-10'),
('993', '50', '2015-01-04'),
('123', '21', '2015-03-16'),
('794', '47', '2008-11-18'),
('365', '4', '2011-05-26'),
('733', '49', '2011-02-28'),
('698', '3', '2013-03-12'),
('693', '8', '2012-07-07'),
('263', '36', '2015-08-17'),
('542', '49', '2005-08-23'),
('100', '26', '2006-10-22'),
('326', '2', '2012-04-07'),
('737', '21', '2007-06-11'),
('419', '17', '2007-09-04'),
('922', '45', '2010-06-27'),
('494', '32', '2009-02-16'),
('453', '42', '2006-11-08'),
('648', '29', '2010-08-14'),
('42', '32', '2009-04-25'),
('4', '3', '2016-02-09'),
('928', '25', '2014-03-14'),
('959', '16', '2012-12-30'),
('245', '34', '2007-06-07'),
('731', '32', '2008-01-01'),
('283', '20', '2006-10-21'),
('3', '19', '2008-05-01'),
('900', '8', '2014-06-23'),
('49', '29', '2014-11-18'),
('365', '13', '2006-10-18'),
('408', '10', '2013-11-21'),
('413', '13', '2013-03-10'),
('781', '42', '2007-09-22'),
('482', '41', '2015-01-11'),
('824', '7', '2005-10-26'),
('420', '26', '2011-01-14'),
('306', '17', '2005-07-26'),
('2', '34', '2012-11-29'),
('114', '37', '2005-05-01'),
('922', '11', '2006-10-14'),
('794', '9', '2011-02-12'),
('880', '48', '2008-03-20'),
('659', '10', '2010-04-10'),
('227', '28', '2014-01-30'),
('749', '16', '2006-02-11'),
('376', '44', '2011-12-20'),
('607', '34', '2014-04-25'),
('450', '1', '2013-01-13'),
('957', '30', '2013-03-12'),
('367', '47', '2010-04-08'),
('940', '9', '2008-07-30'),
('741', '19', '2014-10-08'),
('810', '44', '2012-03-23'),
('788', '44', '2015-12-20'),
('87', '13', '2016-02-19'),
('938', '6', '2009-03-16'),
('893', '38', '2015-03-29'),
('123', '14', '2012-03-24'),
('191', '31', '2008-10-24'),
('748', '41', '2012-06-23'),
('198', '35', '2011-10-13'),
('545', '43', '2006-03-19'),
('711', '36', '2012-04-19'),
('626', '29', '2015-10-03'),
('831', '10', '2013-08-17'),
('423', '20', '2007-06-05'),
('868', '21', '2007-03-02'),
('368', '30', '2013-05-12'),
('813', '7', '2012-06-12'),
('595', '38', '2015-12-16'),
('882', '19', '2009-10-28'),
('659', '29', '2007-11-22'),
('860', '11', '2008-07-19'),
('579', '18', '2005-09-25'),
('493', '13', '2011-10-04'),
('148', '3', '2011-03-26'),
('908', '16', '2012-03-20'),
('191', '5', '2014-06-25'),
('870', '25', '2011-09-05'),
('966', '44', '2014-10-21'),
('713', '21', '2013-04-29'),
('629', '38', '2009-09-27'),
('838', '41', '2006-03-23'),
('111', '7', '2006-07-31'),
('993', '20', '2014-03-01'),
('641', '38', '2005-07-27'),
('902', '2', '2010-07-24'),
('218', '21', '2008-05-30'),
('441', '47', '2006-03-26'),
('368', '37', '2007-11-21'),
('149', '22', '2015-06-05'),
('465', '15', '2012-08-17'),
('98', '27', '2015-04-27'),
('751', '25', '2006-02-20'),
('591', '25', '2012-03-09'),
('770', '31', '2011-11-26'),
('548', '9', '2012-06-22'),
('887', '18', '2015-03-15'),
('103', '5', '2014-09-16'),
('454', '47', '2007-10-28'),
('325', '29', '2014-03-01'),
('83', '38', '2005-07-01'),
('647', '13', '2005-06-19'),
('586', '35', '2011-06-28'),
('223', '37', '2014-05-08'),
('442', '40', '2009-07-19'),
('934', '6', '2012-01-16'),
('729', '39', '2007-09-16'),
('983', '38', '2007-03-14'),
('410', '16', '2011-05-12'),
('639', '39', '2011-10-03'),
('735', '36', '2012-10-21'),
('331', '35', '2014-08-09'),
('577', '49', '2008-10-07'),
('78', '31', '2012-02-01'),
('764', '47', '2008-03-08'),
('385', '20', '2008-09-17'),
('245', '38', '2015-08-02'),
('576', '42', '2015-11-10'),
('969', '2', '2012-10-14'),
('315', '6', '2014-10-17'),
('315', '50', '2014-11-08'),
('858', '49', '2013-07-08'),
('899', '9', '2007-11-09'),
('44', '18', '2014-02-27'),
('910', '23', '2006-02-16'),
('278', '41', '2013-08-05'),
('760', '48', '2015-04-27'),
('80', '27', '2012-08-05'),
('647', '44', '2011-08-08'),
('731', '26', '2005-08-29'),
('705', '10', '2010-06-06'),
('849', '1', '2014-03-21'),
('876', '16', '2011-10-06'),
('554', '50', '2007-12-21'),
('64', '21', '2010-01-06'),
('789', '33', '2007-09-17'),
('73', '12', '2006-02-23'),
('696', '28', '2016-02-28'),
('229', '21', '2015-05-01'),
('207', '27', '2010-10-08'),
('203', '32', '2006-09-17'),
('209', '41', '2012-06-08'),
('123', '40', '2005-04-03'),
('452', '12', '2008-06-11'),
('55', '5', '2010-01-30'),
('434', '10', '2013-12-07'),
('585', '44', '2006-04-15'),
('862', '30', '2009-10-12'),
('169', '20', '2007-11-08'),
('452', '13', '2015-11-18'),
('575', '8', '2006-12-23'),
('157', '44', '2007-07-09'),
('427', '8', '2015-05-29'),
('212', '50', '2013-01-18'),
('461', '11', '2008-11-02'),
('675', '35', '2010-01-25'),
('576', '6', '2009-03-13'),
('960', '31', '2015-06-16'),
('367', '15', '2014-11-14'),
('111', '45', '2009-09-01'),
('577', '22', '2011-12-05'),
('40', '38', '2013-09-10'),
('754', '46', '2013-08-04'),
('216', '45', '2014-12-07'),
('685', '32', '2011-03-16'),
('872', '5', '2010-01-06'),
('128', '40', '2014-08-30'),
('3', '22', '2009-11-05'),
('562', '4', '2006-01-03'),
('401', '1', '2008-04-14'),
('479', '23', '2015-09-15'),
('1', '35', '2008-12-19'),
('113', '22', '2013-12-09'),
('322', '16', '2013-06-28'),
('444', '48', '2005-10-25'),
('564', '43', '2014-05-03'),
('534', '33', '2009-12-28'),
('207', '16', '2015-12-09'),
('167', '40', '2013-12-10'),
('14', '5', '2011-04-26'),
('896', '32', '2013-03-29'),
('631', '41', '2014-09-08'),
('959', '15', '2010-10-22'),
('476', '15', '2006-07-08'),
('884', '28', '2014-11-27'),
('348', '1', '2007-03-30'),
('468', '12', '2005-05-13'),
('588', '37', '2008-11-20'),
('403', '25', '2014-07-20'),
('274', '17', '2007-02-15'),
('747', '50', '2008-07-20'),
('801', '18', '2013-05-05'),
('642', '44', '2007-10-19'),
('755', '36', '2013-03-26'),
('232', '43', '2010-12-19'),
('744', '34', '2005-06-11'),
('498', '5', '2006-04-09'),
('759', '32', '2005-07-21'),
('274', '36', '2008-09-29'),
('566', '29', '2006-01-26'),
('234', '5', '2007-06-18'),
('356', '10', '2006-07-23'),
('856', '39', '2006-03-29'),
('488', '4', '2009-06-29'),
('219', '12', '2007-05-25'),
('326', '44', '2011-06-08'),
('340', '2', '2006-08-11'),
('694', '31', '2005-08-10'),
('844', '36', '2007-11-11'),
('290', '47', '2011-11-20'),
('723', '10', '2013-06-15'),
('288', '28', '2005-12-04'),
('8', '18', '2009-11-01'),
('279', '10', '2015-02-12'),
('662', '20', '2006-11-08'),
('206', '9', '2005-06-28'),
('294', '25', '2006-05-21'),
('799', '9', '2015-08-22'),
('455', '37', '2010-09-18'),
('121', '28', '2014-11-10'),
('146', '18', '2009-02-14'),
('360', '27', '2009-06-27'),
('650', '38', '2010-04-22'),
('671', '3', '2014-04-13'),
('731', '49', '2012-04-08'),
('81', '46', '2014-05-20'),
('810', '27', '2006-01-09'),
('959', '45', '2010-05-26'),
('50', '42', '2009-06-26'),
('540', '3', '2005-05-29'),
('804', '32', '2007-06-06'),
('129', '37', '2010-06-17'),
('538', '48', '2009-12-03'),
('977', '13', '2005-08-24'),
('525', '11', '2011-03-27'),
('109', '45', '2008-11-13'),
('648', '42', '2007-12-09'),
('538', '49', '2013-03-27'),
('396', '33', '2010-01-05'),
('372', '18', '2010-08-10'),
('62', '28', '2007-12-07'),
('557', '20', '2013-12-15'),
('965', '24', '2006-03-26'),
('498', '6', '2015-05-07'),
('758', '25', '2009-02-23'),
('250', '41', '2007-12-27'),
('531', '11', '2008-08-26'),
('331', '1', '2009-03-29'),
('321', '19', '2007-01-23'),
('541', '31', '2007-10-14'),
('562', '39', '2011-10-11'),
('710', '11', '2012-09-06'),
('486', '48', '2013-01-20'),
('318', '39', '2006-01-28'),
('961', '46', '2007-09-28'),
('97', '8', '2010-08-03'),
('598', '36', '2012-06-14'),
('980', '5', '2010-12-02'),
('703', '33', '2011-03-06'),
('715', '30', '2012-10-27'),
('908', '38', '2005-12-08'),
('585', '17', '2007-05-18'),
('576', '45', '2014-08-03'),
('436', '44', '2008-08-30'),
('225', '10', '2010-12-01'),
('528', '3', '2011-10-29'),
('417', '41', '2013-02-16'),
('898', '6', '2006-09-27'),
('85', '35', '2014-12-24'),
('716', '38', '2009-10-27'),
('447', '16', '2010-07-24'),
('671', '27', '2008-12-20'),
('287', '43', '2013-09-11'),
('461', '3', '2006-10-31'),
('17', '25', '2015-07-18'),
('475', '35', '2005-10-11'),
('312', '9', '2010-02-12'),
('100', '12', '2007-01-27'),
('341', '14', '2015-04-12'),
('380', '37', '2007-11-09'),
('647', '41', '2005-10-29'),
('316', '8', '2010-08-13'),
('627', '33', '2005-04-06'),
('19', '1', '2009-07-21'),
('184', '26', '2008-01-20'),
('716', '34', '2013-07-23'),
('434', '14', '2013-08-19'),
('850', '14', '2009-07-08'),
('104', '8', '2006-12-23'),
('643', '29', '2005-11-20'),
('513', '36', '2010-06-25'),
('731', '9', '2014-05-13'),
('954', '1', '2009-04-30'),
('340', '17', '2012-07-22'),
('804', '45', '2014-08-24'),
('51', '42', '2011-05-15'),
('153', '48', '2006-06-17'),
('163', '47', '2009-05-01'),
('367', '50', '2013-11-20'),
('258', '38', '2006-06-24'),
('550', '14', '2011-01-21'),
('526', '43', '2010-06-30'),
('967', '8', '2013-07-05'),
('898', '33', '2006-05-20'),
('834', '8', '2007-12-22'),
('868', '28', '2012-07-10'),
('446', '35', '2013-01-11'),
('954', '6', '2011-11-12'),
('788', '32', '2008-11-18'),
('142', '21', '2014-05-04'),
('746', '40', '2005-10-11'),
('759', '47', '2013-10-14'),
('369', '6', '2011-06-26'),
('430', '20', '2011-09-20'),
('703', '27', '2013-07-24'),
('936', '29', '2013-01-07'),
('295', '12', '2006-12-24'),
('919', '31', '2010-08-30'),
('384', '8', '2014-01-08'),
('27', '36', '2013-01-30'),
('385', '37', '2016-02-18'),
('18', '35', '2013-12-20'),
('468', '42', '2010-05-30'),
('789', '23', '2011-11-29'),
('973', '17', '2007-12-05'),
('991', '14', '2014-10-19'),
('771', '14', '2014-08-16'),
('406', '12', '2012-07-13'),
('116', '2', '2013-06-09'),
('78', '32', '2013-02-16'),
('400', '13', '2007-03-03'),
('739', '10', '2015-06-22'),
('817', '48', '2007-01-10'),
('388', '23', '2009-10-11'),
('985', '9', '2013-10-31'),
('430', '4', '2010-07-10'),
('890', '46', '2011-06-05'),
('781', '11', '2012-05-30'),
('559', '14', '2009-11-02'),
('992', '5', '2008-03-19'),
('810', '31', '2007-08-23'),
('437', '32', '2013-07-27'),
('911', '6', '2010-03-19'),
('731', '36', '2016-01-31'),
('755', '15', '2011-05-06'),
('592', '10', '2006-05-20'),
('654', '13', '2010-07-11'),
('559', '48', '2009-11-09'),
('968', '41', '2014-11-27'),
('20', '32', '2008-01-29'),
('541', '23', '2005-09-11'),
('534', '46', '2008-07-22'),
('87', '50', '2014-04-13'),
('560', '42', '2011-01-21'),
('635', '18', '2005-10-20'),
('946', '50', '2008-12-07'),
('598', '46', '2007-10-31'),
('498', '29', '2012-10-02'),
('944', '37', '2006-08-26'),
('512', '40', '2015-01-30'),
('359', '6', '2011-02-07'),
('228', '8', '2012-04-12'),
('176', '26', '2005-04-06'),
('191', '11', '2014-05-24'),
('843', '16', '2012-07-11'),
('528', '22', '2006-10-17'),
('587', '32', '2009-01-11'),
('970', '7', '2015-06-25'),
('121', '33', '2005-07-18'),
('829', '31', '2014-07-27'),
('809', '16', '2012-10-27'),
('579', '16', '2007-06-25'),
('597', '44', '2008-07-31'),
('143', '6', '2008-05-17'),
('644', '46', '2007-09-22'),
('827', '26', '2010-07-11'),
('952', '13', '2011-10-06'),
('55', '33', '2005-09-30'),
('969', '27', '2015-11-26'),
('518', '31', '2015-08-11'),
('557', '20', '2009-12-09'),
('279', '9', '2008-11-13'),
('830', '14', '2013-06-30'),
('579', '17', '2013-10-08'),
('744', '47', '2014-04-27'),
('624', '43', '2009-04-13'),
('306', '39', '2010-07-24'),
('703', '18', '2014-04-01'),
('585', '19', '2011-04-19'),
('958', '36', '2014-02-25'),
('758', '35', '2006-03-19'),
('134', '48', '2009-07-24'),
('554', '14', '2007-03-17'),
('409', '41', '2011-07-25'),
('988', '45', '2009-10-06'),
('384', '1', '2007-01-10'),
('189', '48', '2010-07-28'),
('671', '13', '2012-10-16'),
('600', '7', '2006-11-10'),
('916', '15', '2008-07-05'),
('806', '32', '2005-03-14'),
('702', '41', '2011-01-17'),
('353', '20', '2009-04-08'),
('438', '25', '2011-05-25'),
('312', '39', '2010-08-01'),
('70', '3', '2014-11-04'),
('93', '29', '2010-05-27'),
('838', '42', '2013-12-23'),
('198', '50', '2011-06-12'),
('586', '43', '2015-04-24'),
('569', '37', '2015-08-28'),
('324', '10', '2013-03-27'),
('739', '22', '2005-05-10'),
('14', '42', '2010-02-04'),
('878', '50', '2012-01-08'),
('720', '28', '2007-06-05'),
('358', '32', '2006-02-02'),
('275', '27', '2008-08-14'),
('887', '15', '2015-09-03'),
('987', '34', '2008-08-31'),
('685', '11', '2012-12-15'),
('786', '3', '2012-03-12'),
('19', '5', '2013-01-02'),
('357', '34', '2008-01-06'),
('414', '35', '2006-11-11'),
('187', '46', '2010-02-27'),
('708', '4', '2008-09-30'),
('898', '41', '2006-05-28'),
('553', '38', '2016-03-04'),
('204', '38', '2015-02-27'),
('90', '47', '2009-10-31'),
('212', '36', '2006-01-23'),
('246', '4', '2014-05-12'),
('126', '23', '2009-08-23'),
('300', '11', '2006-08-14'),
('501', '9', '2010-05-14'),
('396', '28', '2005-08-16'),
('539', '15', '2014-04-08'),
('490', '34', '2005-07-10'),
('701', '37', '2007-03-18'),
('360', '17', '2015-04-02'),
('664', '26', '2009-01-07'),
('180', '30', '2014-11-19'),
('318', '2', '2014-10-29'),
('392', '19', '2006-05-10'),
('116', '1', '2005-05-09'),
('564', '28', '2005-06-09'),
('161', '49', '2007-02-17'),
('175', '17', '2012-02-01'),
('841', '49', '2013-07-16'),
('442', '37', '2009-11-11'),
('699', '45', '2008-04-11'),
('657', '3', '2012-01-06'),
('64', '10', '2005-03-26'),
('654', '22', '2009-08-25'),
('841', '29', '2014-08-30'),
('134', '8', '2009-06-10'),
('834', '46', '2010-07-23'),
('59', '19', '2012-03-18'),
('348', '27', '2008-12-03'),
('673', '28', '2006-09-27'),
('407', '3', '2013-09-22'),
('697', '27', '2013-01-29'),
('128', '32', '2013-03-08'),
('909', '30', '2007-05-31'),
('297', '15', '2013-06-27'),
('494', '33', '2005-04-10'),
('310', '25', '2013-05-30'),
('272', '22', '2008-10-14'),
('370', '45', '2012-05-09'),
('188', '4', '2015-08-05'),
('49', '30', '2015-09-19'),
('961', '30', '2010-04-03'),
('395', '11', '2013-07-26'),
('797', '38', '2005-07-17'),
('998', '36', '2011-05-18'),
('858', '33', '2012-04-08'),
('730', '24', '2009-05-30'),
('28', '3', '2015-10-29'),
('693', '39', '2010-02-26'),
('977', '12', '2010-12-01'),
('73', '5', '2015-02-13'),
('866', '6', '2015-03-29'),
('19', '36', '2006-07-19'),
('574', '9', '2013-11-06'),
('134', '43', '2008-09-30'),
('483', '37', '2016-02-06'),
('728', '46', '2009-07-11'),
('436', '1', '2014-01-08'),
('892', '1', '2013-07-26'),
('148', '25', '2013-05-28'),
('519', '50', '2013-11-22'),
('900', '35', '2006-08-09'),
('551', '10', '2009-02-03'),
('320', '14', '2005-09-16'),
('13', '42', '2010-01-22'),
('810', '20', '2011-07-07'),
('643', '4', '2011-11-27'),
('975', '10', '2008-01-29'),
('741', '19', '2005-11-08'),
('569', '44', '2009-10-22'),
('817', '40', '2007-06-13'),
('165', '16', '2014-10-03'),
('574', '36', '2014-06-24'),
('900', '46', '2013-07-22'),
('618', '23', '2014-11-11'),
('713', '30', '2008-05-26'),
('677', '34', '2014-12-12'),
('939', '26', '2014-02-22'),
('503', '46', '2011-05-05'),
('349', '38', '2009-05-31'),
('372', '20', '2007-11-29'),
('226', '40', '2012-07-29'),
('104', '31', '2013-12-05'),
('887', '3', '2010-12-01'),
('796', '4', '2013-09-04'),
('703', '47', '2016-02-13'),
('187', '36', '2011-11-12'),
('930', '1', '2015-01-14'),
('724', '12', '2006-03-02'),
('346', '25', '2013-11-14'),
('963', '41', '2009-12-30'),
('863', '44', '2005-06-12'),
('456', '15', '2007-12-19'),
('332', '23', '2006-06-24'),
('441', '12', '2005-07-31'),
('47', '42', '2005-04-20'),
('44', '47', '2012-03-04'),
('306', '41', '2016-01-19'),
('171', '10', '2009-12-23'),
('268', '37', '2014-02-25'),
('306', '44', '2015-07-10'),
('118', '12', '2016-01-16'),
('543', '5', '2014-01-04'),
('288', '11', '2008-02-04'),
('45', '12', '2012-09-10'),
('592', '4', '2008-07-28'),
('243', '8', '2012-08-13'),
('757', '22', '2015-05-14'),
('631', '11', '2008-05-06'),
('967', '29', '2010-06-04'),
('334', '24', '2013-11-22'),
('554', '43', '2009-04-13'),
('438', '47', '2015-10-01'),
('789', '16', '2014-11-22'),
('541', '10', '2007-04-12'),
('305', '39', '2013-09-12'),
('660', '21', '2014-10-31'),
('524', '6', '2012-11-13'),
('818', '43', '2016-02-22'),
('980', '46', '2007-05-22'),
('503', '24', '2006-11-25'),
('332', '11', '2016-01-24'),
('55', '23', '2015-09-11'),
('495', '31', '2006-09-07'),
('407', '14', '2009-03-27'),
('419', '16', '2013-05-19'),
('106', '34', '2014-10-05'),
('9', '43', '2012-02-09'),
('842', '50', '2008-03-12'),
('73', '31', '2007-10-01'),
('248', '43', '2013-03-12'),
('737', '3', '2008-11-08'),
('825', '22', '2009-11-01'),
('634', '36', '2008-12-07'),
('44', '32', '2014-02-21'),
('33', '12', '2014-06-27'),
('462', '3', '2006-08-02'),
('494', '40', '2011-05-30'),
('172', '49', '2009-03-31'),
('112', '8', '2015-07-20'),
('640', '43', '2010-11-24'),
('874', '5', '2014-06-04'),
('148', '8', '2015-08-29'),
('45', '33', '2011-04-15'),
('186', '23', '2014-08-04'),
('706', '47', '2007-08-18'),
('788', '25', '2013-05-09'),
('581', '27', '2011-08-15'),
('249', '13', '2010-05-25'),
('331', '7', '2010-05-29'),
('568', '48', '2015-04-24'),
('291', '43', '2012-10-19'),
('936', '17', '2009-11-17'),
('1000', '41', '2011-08-13'),
('682', '19', '2012-09-09'),
('35', '24', '2005-05-10'),
('913', '20', '2008-11-22'),
('422', '9', '2008-08-30'),
('470', '16', '2009-11-01'),
('988', '22', '2012-10-13'),
('759', '18', '2005-11-08'),
('910', '49', '2005-09-02'),
('843', '2', '2007-12-15'),
('329', '17', '2015-11-15'),
('298', '24', '2013-03-15'),
('29', '6', '2011-12-11'),
('224', '3', '2012-09-16'),
('253', '39', '2008-07-23'),
('500', '45', '2014-12-26'),
('342', '7', '2005-12-02'),
('431', '8', '2014-05-20'),
('573', '19', '2011-03-03'),
('364', '38', '2005-03-23'),
('274', '3', '2015-08-25'),
('671', '46', '2015-09-14'),
('73', '11', '2015-11-01'),
('483', '26', '2010-08-25'),
('583', '39', '2015-09-27'),
('127', '17', '2015-11-24'),
('590', '31', '2015-12-15'),
('700', '31', '2010-08-20'),
('986', '1', '2015-07-15'),
('107', '45', '2010-12-21'),
('22', '29', '2006-12-05'),
('129', '34', '2013-10-29'),
('338', '30', '2015-09-15'),
('183', '46', '2009-09-02'),
('937', '30', '2007-10-06'),
('947', '19', '2007-11-20'),
('480', '29', '2013-08-15'),
('806', '42', '2014-12-10'),
('199', '6', '2009-08-28'),
('592', '43', '2010-05-27'),
('498', '8', '2006-03-10'),
('582', '10', '2011-12-12'),
('65', '20', '2011-03-08'),
('829', '34', '2011-12-11'),
('663', '18', '2013-05-08'),
('33', '21', '2008-08-25'),
('236', '28', '2007-02-17'),
('779', '43', '2013-12-27'),
('864', '36', '2005-12-27'),
('299', '2', '2016-01-02'),
('74', '33', '2007-08-15'),
('929', '46', '2014-06-26'),
('456', '17', '2010-04-05'),
('858', '6', '2010-03-19'),
('234', '25', '2008-01-20'),
('758', '17', '2011-02-07'),
('306', '7', '2006-10-24'),
('717', '6', '2009-04-20'),
('543', '40', '2013-05-09'),
('292', '21', '2012-01-10'),
('483', '16', '2011-02-15'),
('754', '50', '2007-02-20'),
('488', '9', '2009-03-31'),
('91', '49', '2007-06-20'),
('697', '32', '2010-09-11'),
('126', '26', '2015-06-04'),
('158', '47', '2006-08-02'),
('872', '25', '2009-08-26'),
('625', '26', '2011-03-10'),
('574', '6', '2009-12-12'),
('878', '47', '2008-02-16'),
('180', '44', '2014-08-12'),
('648', '32', '2011-02-08'),
('554', '28', '2014-07-31'),
('637', '47', '2014-08-27'),
('982', '18', '2008-04-15'),
('951', '14', '2015-09-20'),
('233', '12', '2008-11-18'),
('274', '2', '2010-07-19'),
('181', '29', '2007-12-24'),
('587', '41', '2007-01-29'),
('43', '23', '2015-04-09'),
('84', '1', '2011-05-17'),
('85', '29', '2013-05-27'),
('577', '33', '2005-09-04'),
('254', '41', '2015-11-19'),
('132', '14', '2012-09-11'),
('580', '11', '2014-08-14'),
('884', '41', '2005-11-20'),
('336', '39', '2006-09-02'),
('557', '41', '2013-10-09'),
('395', '5', '2005-11-19'),
('944', '6', '2007-11-13'),
('830', '27', '2007-11-11'),
('673', '4', '2014-10-03'),
('244', '34', '2015-08-09'),
('576', '40', '2009-04-23'),
('767', '12', '2006-10-10'),
('43', '33', '2010-10-14'),
('232', '28', '2006-07-14'),
('849', '21', '2005-05-16'),
('464', '48', '2007-01-29'),
('731', '7', '2015-10-07'),
('216', '23', '2011-07-14'),
('187', '19', '2006-08-05'),
('959', '17', '2007-12-07'),
('188', '43', '2009-12-14'),
('431', '17', '2015-10-20'),
('833', '34', '2010-02-11'),
('455', '2', '2005-04-17'),
('141', '4', '2011-12-16'),
('321', '42', '2006-01-10'),
('793', '14', '2013-12-24'),
('697', '48', '2008-12-26'),
('460', '20', '2012-04-16'),
('618', '38', '2010-02-06'),
('4', '30', '2008-05-21'),
('586', '38', '2015-02-26'),
('216', '33', '2012-04-17'),
('606', '10', '2009-05-16'),
('408', '42', '2013-09-04'),
('759', '22', '2007-09-03'),
('873', '9', '2013-04-02'),
('66', '28', '2012-08-01'),
('85', '33', '2012-10-27'),
('946', '49', '2012-08-26'),
('684', '39', '2015-12-11'),
('559', '34', '2015-06-09'),
('28', '4', '2012-12-31'),
('682', '9', '2014-11-16'),
('511', '8', '2009-06-24'),
('7', '38', NULL),
('7', '44', NULL),
('7', '49', NULL);

-- --------------------------------------------------------

--
-- Tablo için tablo yapısı `sailors`
--

CREATE TABLE `sailors` (
  `sid` int(11) DEFAULT NULL,
  `sname` varchar(50) DEFAULT NULL,
  `rating` int(11) DEFAULT NULL,
  `age` int(11) DEFAULT NULL
) ENGINE=InnoDB DEFAULT CHARSET=latin1;

--
-- Tablo döküm verisi `sailors`
--

INSERT INTO `sailors` (`sid`, `sname`, `rating`, `age`) VALUES
(1, 'Keith Medina', 70, 28),
(2, 'Carlos Romero', 97, 72),
(3, 'Roger George', 98, 18),
(4, 'Jeremy Anderson', 92, 45),
(5, 'Sandra Jacobs', 23, 78),
(6, 'Carlos Freeman', 68, 26),
(7, 'Emily Gordon', 62, 83),
(8, 'Robin Ross', 57, 86),
(9, 'Melissa Frazier', 22, 26),
(10, 'Jacqueline Gray', 97, 90),
(11, 'Andrea Simpson', 46, 48),
(12, 'Helen Rodriguez', 49, 50),
(13, 'Robert Knight', 5, 35),
(14, 'Jessica Hughes', 13, 26),
(15, 'Sandra Chavez', 52, 27),
(16, 'Jason Torres', 41, 17),
(17, 'Jacqueline Meyer', 5, 59),
(18, 'Anthony Davis', 8, 25),
(19, 'Stephen Henderson', 3, 59),
(20, 'Clarence Washington', 65, 47),
(21, 'Howard Meyer', 33, 84),
(22, 'Brandon Stewart', 27, 51),
(23, 'Steven Kennedy', 75, 18),
(24, 'Kathleen Dunn', 72, 25),
(25, 'Kevin Stanley', 74, 85),
(26, 'Ruth Bailey', 85, 82),
(27, 'Nicholas Porter', 98, 30),
(28, 'Chris Gutierrez', 82, 36),
(29, 'George Shaw', 82, 81),
(30, 'Philip West', 39, 40),
(31, 'Rachel Mills', 35, 85),
(32, 'Scott Hall', 82, 88),
(33, 'Theresa Harris', 100, 68),
(34, 'Steven Hughes', 27, 79),
(35, 'Douglas Banks', 2, 19),
(36, 'Victor Jones', 53, 76),
(37, 'Philip Jordan', 32, 31),
(38, 'Earl Simpson', 69, 18),
(39, 'Robin Watson', 45, 16),
(40, 'Bonnie Campbell', 26, 20),
(41, 'Carlos Russell', 67, 80),
(42, 'Virginia Jordan', 82, 41),
(43, 'Kathleen Reed', 63, 90),
(44, 'Edward Bryant', 19, 29),
(45, 'Margaret Morrison', 9, 74),
(46, 'Donald Sanders', 21, 15),
(47, 'Helen Ward', 98, 21),
(48, 'Doris Ramirez', 86, 48),
(49, 'Alan Bell', 10, 17),
(50, 'Cynthia Barnes', 12, 46),
(51, 'Cheryl King', 61, 43),
(52, 'Rebecca Larson', 99, 18),
(53, 'Janice Gordon', 99, 68),
(54, 'Carolyn Moreno', 44, 23),
(55, 'Emily Hill', 56, 83),
(56, 'Shirley Dunn', 96, 24),
(57, 'Kelly Fuller', 15, 61),
(58, 'Ashley Morales', 81, 41),
(59, 'Kenneth Graham', 83, 71),
(60, 'Ruby Arnold', 8, 40),
(61, 'Emily Mccoy', 32, 32),
(62, 'Sara Murphy', 94, 25),
(63, 'Emily Clark', 100, 54),
(64, 'Alan Walker', 11, 21),
(65, 'Jose Sanchez', 45, 52),
(66, 'Patricia Gonzalez', 78, 77),
(67, 'Margaret Freeman', 88, 19),
(68, 'Patricia Boyd', 88, 56),
(69, 'Rachel Ford', 88, 24),
(70, 'Rose Ward', 21, 69),
(71, 'Sandra Allen', 33, 54),
(72, 'Steve Carr', 34, 50),
(73, 'Harry Foster', 33, 73),
(74, 'Kathy Hall', 74, 21),
(75, 'Norma Castillo', 10, 52),
(76, 'Jesse Carpenter', 12, 25),
(77, 'Louise Jackson', 90, 35),
(78, 'Carlos Ryan', 62, 69),
(79, 'Antonio Jacobs', 80, 40),
(80, 'Alice Burton', 78, 20),
(81, 'Nicole Moreno', 10, 55),
(82, 'Sara Phillips', 53, 30),
(83, 'Katherine Lane', 78, 67),
(84, 'Jacqueline Woods', 41, 68),
(85, 'Alice Jenkins', 2, 64),
(86, 'Brian Green', 12, 39),
(87, 'Jack Kelly', 52, 25),
(88, 'Donald Hudson', 23, 67),
(89, 'Aaron Murphy', 19, 75),
(90, 'Martha Peters', 62, 67),
(91, 'Diane Kim', 85, 56),
(92, 'Martha Rice', 6, 43),
(93, 'George Murphy', 96, 57),
(94, 'Diana Hawkins', 67, 17),
(95, 'Rachel Mcdonald', 34, 75),
(96, 'Paula Griffin', 2, 44),
(97, 'Shawn Mcdonald', 26, 30),
(98, 'Cynthia Fisher', 58, 49),
(99, 'Billy Murray', 70, 49),
(100, 'Mildred West', 82, 77),
(101, 'Teresa Reid', 65, 26),
(102, 'Alan Evans', 11, 22),
(103, 'Edward Elliott', 85, 34),
(104, 'Christopher Gray', 19, 33),
(105, 'Richard Butler', 74, 50),
(106, 'Todd Ward', 4, 17),
(107, 'Dennis Harris', 76, 83),
(108, 'James Hall', 57, 65),
(109, 'Patricia Nguyen', 61, 89),
(110, 'Julia Burns', 80, 34),
(111, 'Ernest Cox', 43, 50),
(112, 'Edward Simmons', 6, 37),
(113, 'Wanda Stone', 40, 82),
(114, 'Julia Foster', 17, 70),
(115, 'Rose Powell', 8, 81),
(116, 'Sean Watson', 31, 24),
(117, 'Richard Armstrong', 68, 59),
(118, 'Lori Mccoy', 38, 75),
(119, 'Henry Tucker', 86, 62),
(120, 'Rachel White', 62, 86),
(121, 'Jonathan Rodriguez', 88, 60),
(122, 'Andrea Hunt', 97, 16),
(123, 'Virginia Larson', 96, 88),
(124, 'Wayne Bailey', 43, 21),
(125, 'Aaron Ruiz', 12, 49),
(126, 'Paula Duncan', 57, 48),
(127, 'Anne Larson', 48, 83),
(128, 'Anna Watson', 16, 50),
(129, 'Cheryl Howard', 49, 86),
(130, 'Jessica Bailey', 80, 23),
(131, 'Anthony Reyes', 43, 59),
(132, 'Robert Rose', 60, 39),
(133, 'Andrew Burns', 45, 90),
(134, 'Raymond Mitchell', 67, 35),
(135, 'Eric Kennedy', 90, 50),
(136, 'Joyce Cox', 97, 31),
(137, 'Shawn Sims', 41, 65),
(138, 'Mark Price', 65, 48),
(139, 'Lois Richards', 53, 59),
(140, 'Rebecca Mendoza', 39, 54),
(141, 'Benjamin Ford', 63, 55),
(142, 'Ernest Fuller', 76, 18),
(143, 'Carlos Hawkins', 5, 89),
(144, 'Andrea Bradley', 4, 42),
(145, 'Judy Ferguson', 36, 28),
(146, 'Melissa Rodriguez', 70, 71),
(147, 'Jane Medina', 97, 65),
(148, 'Ronald Johnston', 58, 58),
(149, 'Emily Carpenter', 16, 15),
(150, 'Andrew Walker', 89, 15),
(151, 'Jose Mills', 92, 52),
(152, 'Anne Hayes', 63, 83),
(153, 'Ronald Perry', 77, 85),
(154, 'Gregory Morrison', 37, 23),
(155, 'Victor Jones', 22, 33),
(156, 'Mark Spencer', 27, 25),
(157, 'Victor Watson', 85, 46),
(158, 'Mark Bell', 19, 34),
(159, 'Gerald Fernandez', 50, 75),
(160, 'Joe Stevens', 72, 87),
(161, 'Betty Baker', 48, 64),
(162, 'Eric Patterson', 62, 52),
(163, 'Katherine Lopez', 93, 48),
(164, 'Nicholas Olson', 44, 42),
(165, 'Linda George', 90, 66),
(166, 'Shawn Hudson', 75, 86),
(167, 'Joseph Collins', 78, 61),
(168, 'Randy Peters', 76, 30),
(169, 'Virginia Adams', 17, 73),
(170, 'Rachel Garza', 74, 35),
(171, 'Andrew Willis', 41, 33),
(172, 'Amanda Phillips', 7, 44),
(173, 'Kenneth Chapman', 29, 50),
(174, 'Amy Mcdonald', 22, 75),
(175, 'Kathleen Meyer', 78, 58),
(176, 'Albert Lopez', 12, 70),
(177, 'Laura Spencer', 63, 74),
(178, 'Chris Cunningham', 33, 25),
(179, 'Susan Welch', 10, 82),
(180, 'Jean Brown', 77, 34),
(181, 'Harry Austin', 86, 75),
(182, 'Walter Garza', 24, 88),
(183, 'Ann Palmer', 3, 57),
(184, 'Sandra Lee', 91, 47),
(185, 'Gary Riley', 88, 78),
(186, 'Linda Greene', 77, 15),
(187, 'Stephanie Duncan', 59, 63),
(188, 'Laura Bailey', 90, 37),
(189, 'Fred Harris', 43, 45),
(190, 'Angela Harvey', 11, 86),
(191, 'Julia Hayes', 52, 61),
(192, 'Kenneth Burke', 33, 57),
(193, 'Peter Shaw', 58, 80),
(194, 'Joyce Carroll', 21, 43),
(195, 'Beverly Hansen', 3, 22),
(196, 'Sarah Hunter', 2, 30),
(197, 'Sara Sullivan', 28, 84),
(198, 'Frances Torres', 76, 64),
(199, 'Sean Hall', 5, 78),
(200, 'Eric Taylor', 66, 77),
(201, 'Brandon Shaw', 100, 56),
(202, 'Clarence King', 87, 76),
(203, 'Michael Hernandez', 89, 67),
(204, 'Deborah Perry', 28, 70),
(205, 'Jimmy Dixon', 10, 62),
(206, 'Larry Martin', 39, 61),
(207, 'Louise Watson', 1, 23),
(208, 'Nancy Williamson', 55, 36),
(209, 'Beverly Flores', 78, 26),
(210, 'Randy Parker', 49, 53),
(211, 'Diana Hamilton', 26, 15),
(212, 'Joseph Schmidt', 77, 28),
(213, 'Susan Richards', 73, 66),
(214, 'Norma Hall', 39, 71),
(215, 'John James', 2, 57),
(216, 'Andrea Tucker', 63, 18),
(217, 'Annie Parker', 90, 31),
(218, 'Frances Stephens', 74, 57),
(219, 'Robin Matthews', 62, 50),
(220, 'Lisa Bennett', 33, 31),
(221, 'Linda Bailey', 92, 67),
(222, 'Doris Barnes', 52, 77),
(223, 'Aaron Riley', 34, 85),
(224, 'Angela Turner', 19, 31),
(225, 'Donna Bennett', 51, 63),
(226, 'Alice Kennedy', 56, 80),
(227, 'Sharon Kelley', 40, 66),
(228, 'Craig Johnston', 35, 19),
(229, 'Judith Oliver', 89, 24),
(230, 'Carol Day', 20, 61),
(231, 'Harry Mccoy', 71, 19),
(232, 'Lillian George', 41, 43),
(233, 'Rose Washington', 13, 35),
(234, 'Sarah Coleman', 78, 32),
(235, 'Kimberly Sullivan', 23, 42),
(236, 'Emily George', 67, 23),
(237, 'David Carroll', 33, 74),
(238, 'Howard Hamilton', 2, 24),
(239, 'Jeffrey Cox', 46, 40),
(240, 'Ann Mcdonald', 90, 75),
(241, 'Ralph Brown', 57, 63),
(242, 'Billy Young', 24, 90),
(243, 'Annie Robinson', 90, 63),
(244, 'Jimmy Cunningham', 66, 65),
(245, 'Ronald Anderson', 31, 16),
(246, 'Norma George', 68, 89),
(247, 'Walter Walker', 4, 51),
(248, 'Fred Walker', 97, 72),
(249, 'Joan Thompson', 9, 62),
(250, 'Ann Ward', 54, 18),
(251, 'Eric Phillips', 31, 34),
(252, 'Jeffrey Rose', 84, 30),
(253, 'Marilyn Reed', 28, 57),
(254, 'Irene Graham', 29, 56),
(255, 'Betty Lynch', 26, 65),
(256, 'Jeffrey Lewis', 59, 64),
(257, 'Gerald Sanders', 50, 31),
(258, 'Amanda Stevens', 88, 66),
(259, 'Lois Harrison', 92, 89),
(260, 'Roy Jenkins', 60, 40),
(261, 'Gerald Carroll', 86, 47),
(262, 'Wayne Montgomery', 20, 31),
(263, 'Tammy Lewis', 93, 20),
(264, 'Rose Perkins', 77, 81),
(265, 'Terry Elliott', 22, 54),
(266, 'Eric Long', 64, 85),
(267, 'Kathleen Cox', 80, 67),
(268, 'Billy Gomez', 56, 67),
(269, 'Rachel White', 88, 15),
(270, 'Lori Washington', 30, 26),
(271, 'Ruby Henderson', 63, 78),
(272, 'Justin Olson', 8, 50),
(273, 'Roger Phillips', 83, 67),
(274, 'Chris Rodriguez', 63, 25),
(275, 'Paul Alvarez', 41, 63),
(276, 'Richard Gonzales', 72, 80),
(277, 'Kenneth Carr', 43, 58),
(278, 'Andrea Torres', 21, 70),
(279, 'Carolyn Graham', 79, 57),
(280, 'Donna Mitchell', 85, 58),
(281, 'Philip Jenkins', 59, 30),
(282, 'Pamela Marshall', 19, 70),
(283, 'Janet Ruiz', 88, 75),
(284, 'Albert Roberts', 99, 43),
(285, 'Patrick Allen', 69, 85),
(286, 'Brandon Hawkins', 26, 85),
(287, 'Jean Williamson', 60, 48),
(288, 'Scott Henderson', 72, 49),
(289, 'Thomas Walker', 86, 79),
(290, 'Stephen Sullivan', 4, 36),
(291, 'Andrea West', 87, 28),
(292, 'Ashley Mcdonald', 46, 18),
(293, 'Jonathan Smith', 57, 58),
(294, 'Timothy Stanley', 72, 57),
(295, 'Lillian Watson', 14, 50),
(296, 'Billy Ferguson', 58, 49),
(297, 'Katherine Taylor', 34, 32),
(298, 'Harry Harris', 77, 85),
(299, 'Daniel Ortiz', 94, 49),
(300, 'Eugene Butler', 11, 90),
(301, 'Rebecca Rose', 55, 46),
(302, 'Mark Anderson', 95, 43),
(303, 'Henry Alexander', 50, 33),
(304, 'Phillip Matthews', 40, 30),
(305, 'Amanda Boyd', 34, 65),
(306, 'Betty Burke', 75, 58),
(307, 'Victor Payne', 90, 21),
(308, 'Doris Garrett', 60, 46),
(309, 'Eugene Hughes', 37, 59),
(310, 'Jeremy Henderson', 9, 32),
(311, 'Ann Morgan', 38, 66),
(312, 'Robert Wallace', 84, 63),
(313, 'Jeffrey Griffin', 59, 31),
(314, 'Sarah Fowler', 88, 26),
(315, 'Ronald Lopez', 81, 59),
(316, 'Amanda Diaz', 74, 25),
(317, 'Christopher Gomez', 47, 68),
(318, 'Richard Perez', 30, 88),
(319, 'Ronald Collins', 40, 67),
(320, 'Sarah Woods', 64, 18),
(321, 'Ruby Palmer', 13, 45),
(322, 'Shawn Wilson', 70, 26),
(323, 'Juan Johnston', 31, 70),
(324, 'Mildred Brooks', 96, 18),
(325, 'Julie Ray', 39, 80),
(326, 'Jessica Freeman', 89, 42),
(327, 'Frank Olson', 88, 41),
(328, 'Nicole Mendoza', 37, 85),
(329, 'Sean Murphy', 39, 17),
(330, 'Billy Dunn', 12, 84),
(331, 'Martin Fernandez', 79, 46),
(332, 'Deborah Gordon', 14, 75),
(333, 'Joshua Butler', 56, 62),
(334, 'Earl Bell', 22, 36),
(335, 'Frances Perkins', 52, 45),
(336, 'Daniel Nichols', 91, 34),
(337, 'Kathy Scott', 46, 38),
(338, 'Margaret Webb', 25, 87),
(339, 'Phyllis Gordon', 1, 74),
(340, 'Kathryn Phillips', 100, 31),
(341, 'Jeremy Gomez', 27, 56),
(342, 'Louis Harris', 78, 49),
(343, 'Carol Sanders', 27, 27),
(344, 'Alice Young', 90, 90),
(345, 'Steve Hall', 98, 86),
(346, 'Norma Armstrong', 92, 51),
(347, 'Catherine Lawrence', 23, 85),
(348, 'Sharon Burke', 93, 83),
(349, 'Chris Sims', 46, 87),
(350, 'Christopher Sims', 73, 43),
(351, 'Rose Alexander', 77, 37),
(352, 'Joe Andrews', 88, 66),
(353, 'Fred Graham', 36, 74),
(354, 'Joshua Miller', 65, 90),
(355, 'Betty Powell', 92, 43),
(356, 'Jerry Roberts', 34, 40),
(357, 'Edward Thompson', 3, 45),
(358, 'Steve Dean', 67, 78),
(359, 'Kelly Martin', 91, 25),
(360, 'Gregory Cook', 24, 35),
(361, 'Julie Riley', 78, 32),
(362, 'Christopher Brown', 54, 52),
(363, 'Anna Perez', 18, 84),
(364, 'David Boyd', 12, 67),
(365, 'Todd Lewis', 17, 69),
(366, 'Jane Davis', 39, 29),
(367, 'Ruby Rodriguez', 67, 19),
(368, 'Benjamin Murray', 71, 56),
(369, 'Anna Castillo', 63, 40),
(370, 'Thomas Miller', 9, 36),
(371, 'Chris Mason', 50, 44),
(372, 'Bobby Burns', 25, 60),
(373, 'Raymond Henry', 96, 30),
(374, 'Jose Holmes', 55, 21),
(375, 'George Elliott', 87, 49),
(376, 'Ryan Andrews', 100, 79),
(377, 'Judy Young', 100, 37),
(378, 'Howard Wright', 63, 71),
(379, 'Helen Mccoy', 29, 51),
(380, 'Norma Hall', 72, 78),
(381, 'Theresa Matthews', 33, 90),
(382, 'John Clark', 85, 30),
(383, 'Craig Bishop', 65, 41),
(384, 'Carl Gonzales', 94, 64),
(385, 'Virginia Daniels', 50, 33),
(386, 'Ralph Jacobs', 6, 30),
(387, 'Shawn Howell', 57, 34),
(388, 'Joe Torres', 88, 58),
(389, 'Martin Price', 17, 16),
(390, 'Joseph Burns', 16, 35),
(391, 'Thomas Rodriguez', 67, 71),
(392, 'Ronald Riley', 14, 39),
(393, 'Jonathan Hernandez', 75, 46),
(394, 'Kevin Hughes', 15, 66),
(395, 'Kevin Taylor', 90, 50),
(396, 'Martin Stevens', 9, 16),
(397, 'Eric Jones', 73, 16),
(398, 'Carolyn Carr', 27, 42),
(399, 'Shawn Wilson', 72, 18),
(400, 'Kelly Hanson', 23, 61),
(401, 'Douglas Medina', 42, 18),
(402, 'Aaron Harrison', 36, 15),
(403, 'Eugene Stephens', 28, 79),
(404, 'Dorothy Evans', 54, 35),
(405, 'Virginia Ortiz', 11, 86),
(406, 'Rachel Greene', 52, 31),
(407, 'Jose Carter', 30, 39),
(408, 'Diana Ray', 8, 61),
(409, 'Phyllis Fuller', 22, 54),
(410, 'Howard Nelson', 12, 39),
(411, 'Henry Riley', 47, 87),
(412, 'Patrick Arnold', 9, 54),
(413, 'Karen Berry', 79, 18),
(414, 'Russell Morgan', 99, 48),
(415, 'Willie Lee', 32, 27),
(416, 'Peter Hicks', 53, 37),
(417, 'Julia Thomas', 93, 72),
(418, 'Paula Gomez', 57, 76),
(419, 'Jonathan Garcia', 25, 15),
(420, 'Jose Sims', 38, 50),
(421, 'Russell Oliver', 20, 46),
(422, 'Amy Morrison', 52, 25),
(423, 'Beverly Turner', 81, 89),
(424, 'Michael Stephens', 14, 34),
(425, 'Mary Medina', 56, 74),
(426, 'Maria Brown', 98, 53),
(427, 'Rachel Oliver', 28, 68),
(428, 'Marie Morgan', 67, 34),
(429, 'Debra Bryant', 25, 43),
(430, 'Lori Harvey', 14, 64),
(431, 'Bobby Walker', 33, 81),
(432, 'Billy Vasquez', 86, 72),
(433, 'Marie Hughes', 28, 61),
(434, 'Ruby Williamson', 98, 56),
(435, 'Timothy Franklin', 27, 24),
(436, 'Kimberly Palmer', 82, 84),
(437, 'Annie Stewart', 87, 46),
(438, 'Larry Thomas', 29, 55),
(439, 'Frances Murphy', 52, 33),
(440, 'Justin Tucker', 55, 90),
(441, 'Gerald Wells', 44, 38),
(442, 'Andrea Castillo', 55, 32),
(443, 'Mildred Elliott', 60, 71),
(444, 'Kelly Robinson', 87, 42),
(445, 'Justin Powell', 71, 28),
(446, 'Harold Daniels', 21, 62),
(447, 'Sandra Phillips', 90, 21),
(448, 'Debra James', 94, 28),
(449, 'Peter Ferguson', 16, 56),
(450, 'Jessica Ellis', 14, 89),
(451, 'Jason Cole', 71, 23),
(452, 'Catherine Black', 63, 82),
(453, 'Cheryl Kennedy', 72, 39),
(454, 'Helen Black', 98, 44),
(455, 'Jean Hernandez', 72, 70),
(456, 'Roy Welch', 8, 56),
(457, 'Pamela Berry', 52, 72),
(458, 'Bonnie Freeman', 60, 16),
(459, 'Catherine Moreno', 1, 18),
(460, 'Ruth Matthews', 86, 23),
(461, 'Marilyn Mason', 97, 41),
(462, 'Sean Fernandez', 14, 64),
(463, 'Carolyn Robinson', 4, 30),
(464, 'Frances Fernandez', 7, 16),
(465, 'Marie Rodriguez', 74, 50),
(466, 'Irene Cooper', 82, 45),
(467, 'James Carroll', 91, 37),
(468, 'Philip Oliver', 40, 75),
(469, 'Wayne Grant', 46, 81),
(470, 'Teresa Pierce', 60, 86),
(471, 'Stephanie Robertson', 87, 88),
(472, 'Bonnie Harris', 74, 31),
(473, 'Larry Franklin', 47, 81),
(474, 'Terry Ward', 35, 46),
(475, 'Carolyn Gutierrez', 79, 23),
(476, 'Walter Ferguson', 49, 28),
(477, 'Wanda Perry', 43, 64),
(478, 'Jose Berry', 91, 30),
(479, 'Judith Baker', 28, 21),
(480, 'Margaret Ramirez', 16, 55),
(481, 'Catherine Simpson', 31, 78),
(482, 'Marie Mitchell', 13, 76),
(483, 'Russell Price', 23, 86),
(484, 'Timothy Gonzalez', 13, 18),
(485, 'Ronald Fernandez', 80, 72),
(486, 'Randy Gutierrez', 99, 39),
(487, 'Gloria Thompson', 31, 89),
(488, 'Frank Fields', 99, 62),
(489, 'Rachel Wright', 8, 29),
(490, 'Anna Hunt', 54, 58),
(491, 'Sandra Cole', 36, 82),
(492, 'Debra Rice', 71, 36),
(493, 'Phyllis Mitchell', 31, 32),
(494, 'Diana Bennett', 30, 82),
(495, 'Stephanie Alvarez', 15, 49),
(496, 'Theresa Ramirez', 91, 77),
(497, 'Joyce Dean', 29, 19),
(498, 'Aaron Stanley', 22, 87),
(499, 'Patrick Collins', 76, 49),
(500, 'Teresa Smith', 3, 16),
(501, 'Benjamin Larson', 15, 69),
(502, 'Mary Baker', 54, 82),
(503, 'Brenda Moore', 18, 56),
(504, 'Jonathan Harrison', 72, 53),
(505, 'Lois Reynolds', 14, 32),
(506, 'Raymond Henry', 21, 62),
(507, 'Diana Mason', 8, 54),
(508, 'David Garrett', 90, 27),
(509, 'Carlos Davis', 66, 67),
(510, 'Marilyn Turner', 87, 38),
(511, 'Theresa Stone', 69, 29),
(512, 'Rachel Gardner', 83, 74),
(513, 'Jose Hughes', 81, 31),
(514, 'Gloria Smith', 78, 33),
(515, 'Charles Richardson', 13, 84),
(516, 'Susan Pierce', 24, 17),
(517, 'Craig Jenkins', 67, 41),
(518, 'Diana Kennedy', 76, 63),
(519, 'Kevin Bradley', 66, 63),
(520, 'Jonathan Murphy', 75, 34),
(521, 'Jesse Ferguson', 69, 80),
(522, 'Jacqueline Alvarez', 80, 15),
(523, 'Eric Gutierrez', 18, 65),
(524, 'Cynthia Carter', 63, 17),
(525, 'Sarah Scott', 100, 48),
(526, 'Julie Jacobs', 89, 74),
(527, 'Doris Williamson', 79, 53),
(528, 'Christine Ward', 100, 54),
(529, 'Patricia Cox', 2, 49),
(530, 'Frank Perez', 38, 29),
(531, 'Lois Adams', 41, 37),
(532, 'Katherine Collins', 10, 84),
(533, 'Clarence Barnes', 62, 26),
(534, 'Carl Miller', 19, 39),
(535, 'Christopher Cole', 43, 73),
(536, 'Beverly Freeman', 55, 35),
(537, 'Marilyn Medina', 86, 84),
(538, 'Mark Weaver', 44, 89),
(539, 'Anthony West', 36, 90),
(540, 'Aaron Nichols', 13, 28),
(541, 'Antonio Johnston', 59, 89),
(542, 'Nicholas Green', 3, 64),
(543, 'Michelle Wood', 59, 27),
(544, 'Joyce Lane', 37, 72),
(545, 'Craig Henry', 54, 74),
(546, 'Howard Oliver', 13, 80),
(547, 'Jeremy Allen', 29, 62),
(548, 'Brandon Hicks', 18, 42),
(549, 'Todd Reed', 36, 16),
(550, 'Matthew Burns', 75, 60),
(551, 'Peter Harvey', 95, 73),
(552, 'Ann Welch', 44, 19),
(553, 'Billy Murray', 18, 22),
(554, 'Rachel Ramos', 48, 63),
(555, 'Stephen Willis', 88, 32),
(556, 'Judy Murray', 48, 45),
(557, 'Randy Fowler', 28, 87),
(558, 'Debra Foster', 78, 66),
(559, 'Roy Myers', 42, 20),
(560, 'Philip Greene', 10, 38),
(561, 'Nicole Mcdonald', 12, 72),
(562, 'Ashley Warren', 63, 82),
(563, 'Jack Hunter', 98, 28),
(564, 'Albert Carter', 54, 41),
(565, 'Adam Romero', 92, 72),
(566, 'Juan Armstrong', 68, 31),
(567, 'Tammy Washington', 3, 49),
(568, 'Phillip Barnes', 52, 33),
(569, 'Lillian Hall', 66, 49),
(570, 'Christina Cooper', 47, 90),
(571, 'Jean Harris', 59, 24),
(572, 'Fred Arnold', 57, 84),
(573, 'Steve George', 61, 51),
(574, 'Betty Nelson', 90, 44),
(575, 'Teresa Watkins', 48, 25),
(576, 'Catherine Franklin', 59, 44),
(577, 'Debra Sanders', 79, 53),
(578, 'Doris Elliott', 15, 36),
(579, 'Eric Washington', 27, 57),
(580, 'Gloria Lawson', 15, 33),
(581, 'Juan Bradley', 92, 86),
(582, 'Frances Fields', 96, 61),
(583, 'Bruce Washington', 28, 86),
(584, 'Angela Vasquez', 69, 18),
(585, 'Margaret Wright', 62, 47),
(586, 'Lois Flores', 38, 25),
(587, 'Jerry Nichols', 58, 57),
(588, 'Tammy Torres', 12, 34),
(589, 'Richard Edwards', 21, 56),
(590, 'Bruce Hawkins', 45, 34),
(591, 'Raymond Knight', 82, 36),
(592, 'Stephanie Larson', 10, 39),
(593, 'Roger Stephens', 87, 63),
(594, 'Elizabeth Watkins', 38, 45),
(595, 'Howard Knight', 45, 60),
(596, 'Keith Garcia', 59, 20),
(597, 'Walter Bishop', 75, 65),
(598, 'Jeffrey Moore', 21, 41),
(599, 'Juan Willis', 47, 55),
(600, 'Alan King', 78, 64),
(601, 'Charles Baker', 22, 51),
(602, 'Randy Lane', 23, 89),
(603, 'Albert Wells', 46, 60),
(604, 'Marie Frazier', 68, 50),
(605, 'Kelly Andrews', 70, 89),
(606, 'David Hudson', 35, 49),
(607, 'Irene Taylor', 67, 61),
(608, 'Billy Chavez', 28, 70),
(609, 'Emily Cox', 68, 73),
(610, 'Kathryn Ferguson', 86, 51),
(611, 'Christina Parker', 45, 52),
(612, 'Lawrence Castillo', 29, 64),
(613, 'Shawn Cunningham', 71, 32),
(614, 'Willie Johnson', 11, 82),
(615, 'Dorothy Marshall', 57, 72),
(616, 'Irene James', 95, 25),
(617, 'Anthony Richards', 78, 76),
(618, 'Pamela Moreno', 67, 72),
(619, 'Arthur Palmer', 96, 37),
(620, 'Frank Armstrong', 79, 15),
(621, 'Judith Fernandez', 80, 36),
(622, 'Joyce Johnston', 56, 24),
(623, 'Pamela Peterson', 66, 65),
(624, 'Louise Lane', 79, 22),
(625, 'Sean Nguyen', 28, 54),
(626, 'Billy Griffin', 14, 33),
(627, 'Barbara Gutierrez', 56, 82),
(628, 'Benjamin Washington', 40, 74),
(629, 'Lillian Evans', 3, 25),
(630, 'Michael Diaz', 50, 57),
(631, 'Shawn Ryan', 6, 89),
(632, 'Ronald Gomez', 35, 17),
(633, 'Philip Alvarez', 19, 66),
(634, 'Christopher Wilson', 63, 57),
(635, 'Harold Mcdonald', 3, 42),
(636, 'Daniel Sims', 77, 33),
(637, 'Jacqueline Fowler', 9, 79),
(638, 'Jose Bradley', 5, 18),
(639, 'Jessica Bradley', 6, 26),
(640, 'Willie Robinson', 73, 64),
(641, 'Gerald Rogers', 98, 54),
(642, 'Walter Sims', 40, 24),
(643, 'Stephanie Adams', 77, 28),
(644, 'Kenneth Mcdonald', 48, 84),
(645, 'Earl Oliver', 47, 39),
(646, 'Joan Henderson', 26, 17),
(647, 'Lillian Washington', 88, 25),
(648, 'Willie Allen', 35, 27),
(649, 'Matthew Kennedy', 10, 50),
(650, 'Ruth West', 81, 73),
(651, 'Sean Andrews', 58, 42),
(652, 'Anna Bennett', 13, 38),
(653, 'Emily Perry', 25, 59),
(654, 'Phyllis Hunt', 84, 87),
(655, 'Kenneth Henderson', 46, 57),
(656, 'Joshua Ortiz', 70, 61),
(657, 'Kathryn Gardner', 24, 59),
(658, 'Bruce Simpson', 48, 28),
(659, 'Jesse Ortiz', 16, 52),
(660, 'Laura Cole', 26, 86),
(661, 'Martin Weaver', 85, 80),
(662, 'Shirley Chapman', 31, 65),
(663, 'Steve Baker', 8, 43),
(664, 'Carol Thomas', 50, 52),
(665, 'Samuel Vasquez', 48, 19),
(666, 'Jose Jackson', 90, 53),
(667, 'Joyce Cooper', 49, 26),
(668, 'Julie Wallace', 47, 16),
(669, 'Nicole Nichols', 49, 47),
(670, 'Jessica White', 87, 15),
(671, 'Alice Rodriguez', 82, 72),
(672, 'Ernest Larson', 11, 73),
(673, 'Thomas Bennett', 8, 81),
(674, 'Beverly Reid', 71, 40),
(675, 'Anthony Garza', 35, 61),
(676, 'Arthur Cook', 76, 73),
(677, 'Dennis Gardner', 74, 15),
(678, 'Martin Hawkins', 64, 32),
(679, 'Ronald Garrett', 44, 90),
(680, 'Carl Bennett', 21, 79),
(681, 'Teresa Graham', 85, 32),
(682, 'Heather Thompson', 48, 49),
(683, 'Amanda Banks', 90, 86),
(684, 'Nicholas Warren', 70, 44),
(685, 'Jennifer Hicks', 92, 57),
(686, 'Bobby Evans', 13, 81),
(687, 'Anne Duncan', 88, 48),
(688, 'James Edwards', 82, 42),
(689, 'Ruth Alexander', 84, 59),
(690, 'Beverly Brooks', 30, 22),
(691, 'Louise Simpson', 48, 39),
(692, 'Adam Ward', 22, 42),
(693, 'Wanda Palmer', 54, 79),
(694, 'Gloria Moore', 90, 23),
(695, 'Brian Ward', 68, 38),
(696, 'Elizabeth Brooks', 6, 18),
(697, 'Emily Kelley', 87, 39),
(698, 'James Romero', 95, 80),
(699, 'Arthur Stone', 90, 43),
(700, 'Annie Walker', 12, 52),
(701, 'Robin Smith', 70, 32),
(702, 'Beverly Reynolds', 56, 24),
(703, 'Jimmy Miller', 2, 49),
(704, 'Brandon Dixon', 14, 79),
(705, 'Phyllis Stanley', 21, 58),
(706, 'Brandon Romero', 24, 63),
(707, 'Judy Nelson', 40, 45),
(708, 'Carl Graham', 22, 49),
(709, 'Sharon Washington', 89, 83),
(710, 'Amy Wells', 75, 81),
(711, 'Judy Ramos', 8, 83),
(712, 'Donald Black', 8, 67),
(713, 'Victor Rice', 45, 90),
(714, 'Ernest Thomas', 57, 77),
(715, 'Melissa Chapman', 75, 51),
(716, 'Richard Reid', 44, 37),
(717, 'Nicole Owens', 3, 20),
(718, 'Sandra Welch', 68, 53),
(719, 'Edward Williamson', 27, 64),
(720, 'Rebecca Banks', 98, 76),
(721, 'Janice Fuller', 8, 82),
(722, 'Michael Robertson', 13, 42),
(723, 'Thomas Cole', 70, 56),
(724, 'Annie Simpson', 61, 57),
(725, 'Larry Washington', 39, 85),
(726, 'Laura Patterson', 51, 43),
(727, 'Donald Harper', 70, 74),
(728, 'Paul Owens', 46, 17),
(729, 'Julie Gilbert', 47, 38),
(730, 'Barbara Kim', 18, 25),
(731, 'Jason Sims', 33, 30),
(732, 'Michael Montgomery', 30, 37),
(733, 'Jacqueline Morris', 97, 46),
(734, 'Jeremy Alexander', 44, 19),
(735, 'Thomas Thomas', 28, 39),
(736, 'Christopher Martin', 100, 54),
(737, 'Nancy James', 14, 77),
(738, 'Billy Greene', 31, 79),
(739, 'Stephanie Fernandez', 64, 49),
(740, 'Teresa Wells', 63, 61),
(741, 'Bobby Lee', 13, 31),
(742, 'Helen Garza', 8, 58),
(743, 'Wayne Phillips', 86, 85),
(744, 'Frances Fox', 95, 70),
(745, 'Jane Carroll', 22, 17),
(746, 'Brian King', 52, 33),
(747, 'Gloria Mason', 14, 52),
(748, 'Jack Bishop', 35, 31),
(749, 'Deborah Martinez', 66, 86),
(750, 'Kimberly Perry', 45, 44),
(751, 'Patricia Powell', 16, 50),
(752, 'Bobby Robinson', 1, 90),
(753, 'Mark Knight', 44, 69),
(754, 'Lois Hughes', 21, 63),
(755, 'Roy Torres', 87, 58),
(756, 'Dennis Lopez', 67, 51),
(757, 'Paul Ramos', 70, 68),
(758, 'Kathy Burton', 36, 74),
(759, 'Carolyn Alexander', 96, 69),
(760, 'Deborah Payne', 22, 70),
(761, 'Peter Sims', 6, 72),
(762, 'Randy Perkins', 78, 19),
(763, 'Gerald Mason', 96, 44),
(764, 'Lillian Armstrong', 86, 24),
(765, 'Anna Hunter', 77, 36),
(766, 'Margaret Gilbert', 24, 63),
(767, 'Alice Hamilton', 96, 33),
(768, 'David Howell', 12, 37),
(769, 'Louis Burke', 71, 43),
(770, 'Paula Walker', 63, 67),
(771, 'Frances Griffin', 38, 84),
(772, 'Roger Willis', 84, 82),
(773, 'Jacqueline Cook', 15, 42),
(774, 'David Martin', 79, 81),
(775, 'Sharon Wagner', 39, 47),
(776, 'Antonio Bishop', 12, 32),
(777, 'Melissa Kennedy', 35, 40),
(778, 'Maria Mitchell', 19, 40),
(779, 'Debra Olson', 7, 77),
(780, 'Janice Ward', 19, 83),
(781, 'Kathryn Lopez', 90, 82),
(782, 'Robert Fields', 94, 55),
(783, 'Victor Williamson', 76, 61),
(784, 'Donald Wilson', 54, 45),
(785, 'Amanda Bell', 27, 27),
(786, 'Anna Simpson', 51, 16),
(787, 'Martha Wood', 31, 50),
(788, 'Gloria Martinez', 29, 18),
(789, 'Teresa Anderson', 60, 43),
(790, 'Maria Palmer', 27, 46),
(791, 'Scott Alexander', 48, 80),
(792, 'Anna Riley', 76, 79),
(793, 'Alice Rodriguez', 82, 50),
(794, 'Jerry Jordan', 100, 22),
(795, 'Kenneth Watson', 83, 63),
(796, 'Victor Mills', 51, 54),
(797, 'Eric Little', 88, 49),
(798, 'Debra Sullivan', 68, 36),
(799, 'Raymond Holmes', 91, 65),
(800, 'Samuel Gutierrez', 4, 70),
(801, 'Julia Hill', 22, 72),
(802, 'Doris Bryant', 64, 61),
(803, 'Bonnie George', 69, 66),
(804, 'Christina Hawkins', 45, 23),
(805, 'Susan Perez', 48, 15),
(806, 'Bobby Jacobs', 90, 39),
(807, 'Donna Ortiz', 7, 82),
(808, 'Shirley Young', 30, 44),
(809, 'Joan Fields', 63, 38),
(810, 'Roger Webb', 63, 66),
(811, 'Joyce Jones', 81, 22),
(812, 'Edward Ortiz', 41, 36),
(813, 'Peter Ramirez', 50, 44),
(814, 'Gerald Olson', 45, 76),
(815, 'Diane Miller', 100, 48),
(816, 'Albert Wheeler', 91, 45),
(817, 'Rebecca Myers', 20, 54),
(818, 'Harry Moore', 38, 61),
(819, 'Harold Wright', 31, 78),
(820, 'Jose Peters', 90, 46),
(821, 'Harold Lopez', 85, 83),
(822, 'Marie Mendoza', 13, 51),
(823, 'Denise Rogers', 6, 77),
(824, 'Bobby Larson', 96, 64),
(825, 'Russell Hughes', 46, 38),
(826, 'Lawrence Reynolds', 53, 89),
(827, 'Kevin Barnes', 81, 70),
(828, 'Chris Snyder', 4, 61),
(829, 'Jerry Williams', 22, 74),
(830, 'Carolyn Romero', 1, 70),
(831, 'Evelyn Hall', 21, 90),
(832, 'Roger Flores', 99, 79),
(833, 'Scott Hawkins', 27, 64),
(834, 'Julia Ford', 45, 50),
(835, 'Marie Collins', 2, 28),
(836, 'Christine Murray', 39, 53),
(837, 'Stephen Jordan', 67, 65),
(838, 'Andrea Reed', 34, 44),
(839, 'Justin Wheeler', 50, 74),
(840, 'Benjamin Andrews', 63, 25),
(841, 'Kimberly Chapman', 77, 59),
(842, 'Heather Chapman', 4, 80),
(843, 'Clarence Wells', 89, 19),
(844, 'Juan Phillips', 36, 57),
(845, 'Louise Brown', 3, 17),
(846, 'Johnny Foster', 80, 33),
(847, 'Eugene Cruz', 98, 37),
(848, 'Julia Martin', 20, 35),
(849, 'Jennifer Andrews', 28, 16),
(850, 'Jeremy Flores', 9, 41),
(851, 'Heather Weaver', 6, 39),
(852, 'Charles Perkins', 75, 72),
(853, 'Russell Ferguson', 65, 40),
(854, 'Denise Hunter', 50, 81),
(855, 'Lisa Ortiz', 98, 85),
(856, 'Joshua Perkins', 92, 25),
(857, 'Bonnie Hill', 13, 89),
(858, 'Heather Perkins', 19, 24),
(859, 'Virginia Hunt', 55, 76),
(860, 'Raymond Vasquez', 14, 50),
(861, 'Deborah Ray', 92, 86),
(862, 'Ann Meyer', 9, 56),
(863, 'Jerry Gray', 47, 17),
(864, 'Robert Morgan', 7, 45),
(865, 'Jonathan Wilson', 7, 20),
(866, 'Billy Johnson', 16, 75),
(867, 'Douglas Fuller', 62, 54),
(868, 'Brandon Schmidt', 37, 16),
(869, 'Virginia Rice', 100, 70),
(870, 'Judith Watkins', 99, 39),
(871, 'Robert Washington', 90, 24),
(872, 'Denise Reynolds', 75, 26),
(873, 'Carlos Daniels', 54, 46),
(874, 'Shawn Gonzales', 19, 21),
(875, 'Kathryn Sullivan', 31, 18),
(876, 'Betty Powell', 77, 81),
(877, 'Steve Wells', 40, 51),
(878, 'Martin Foster', 56, 54),
(879, 'Karen Henry', 79, 21),
(880, 'Gary Matthews', 32, 60),
(881, 'Aaron Chavez', 59, 57),
(882, 'Jeremy Morgan', 75, 35),
(883, 'Annie Elliott', 86, 80),
(884, 'Randy Montgomery', 39, 70),
(885, 'Jacqueline Fields', 41, 23),
(886, 'Tina Mitchell', 15, 85),
(887, 'Shawn Hill', 85, 41),
(888, 'Louise Brooks', 57, 46),
(889, 'Lois Peters', 41, 43),
(890, 'Chris Kennedy', 92, 19),
(891, 'Bruce Harvey', 54, 50),
(892, 'Nicole Reynolds', 5, 52),
(893, 'Denise Grant', 88, 59),
(894, 'Ronald King', 69, 55),
(895, 'Brian Carroll', 9, 28),
(896, 'Jean Porter', 78, 26),
(897, 'Janet Cunningham', 11, 83),
(898, 'Walter Jenkins', 97, 39),
(899, 'Brian Ferguson', 32, 29),
(900, 'Willie White', 90, 15),
(901, 'Doris Reyes', 73, 73),
(902, 'Alice Rice', 15, 79),
(903, 'Nicholas Reid', 100, 87),
(904, 'Willie Chapman', 84, 52),
(905, 'Kevin Richards', 86, 54),
(906, 'Todd Powell', 36, 79),
(907, 'Jennifer Jordan', 39, 48),
(908, 'Anthony Perry', 14, 15),
(909, 'Amy Perkins', 99, 36),
(910, 'Betty Howell', 51, 87),
(911, 'Samuel Sullivan', 68, 79),
(912, 'Jeremy Powell', 14, 83),
(913, 'Walter Gomez', 17, 66),
(914, 'Kimberly Hall', 73, 22),
(915, 'Anna Flores', 19, 50),
(916, 'Clarence Gomez', 43, 90),
(917, 'Marilyn Jackson', 41, 61),
(918, 'Bruce Coleman', 81, 46),
(919, 'Samuel Hansen', 89, 74),
(920, 'Deborah Webb', 40, 47),
(921, 'Paul Anderson', 26, 20),
(922, 'Nicholas Cooper', 19, 46),
(923, 'Helen Day', 44, 20),
(924, 'Rachel Sanchez', 37, 49),
(925, 'Peter Green', 45, 28),
(926, 'Fred Washington', 11, 60),
(927, 'Karen Bowman', 59, 49),
(928, 'Maria Burton', 100, 67),
(929, 'Ralph Griffin', 2, 42),
(930, 'Thomas Phillips', 61, 86),
(931, 'Billy Gray', 61, 43),
(932, 'Philip Williamson', 50, 85),
(933, 'Margaret Palmer', 68, 76),
(934, 'Daniel Montgomery', 53, 84),
(935, 'Phillip Morrison', 74, 76),
(936, 'Dorothy Wilson', 13, 54),
(937, 'Lawrence Fuller', 5, 30),
(938, 'Marie Pierce', 58, 40),
(939, 'Richard Hunt', 80, 43),
(940, 'Harold Kelley', 38, 59),
(941, 'Dorothy Hernandez', 35, 65),
(942, 'Carolyn Gonzalez', 80, 80),
(943, 'Aaron Carr', 12, 84),
(944, 'Elizabeth Lynch', 56, 40),
(945, 'Steven Austin', 65, 28),
(946, 'Christine Alexander', 71, 78),
(947, 'Carolyn Weaver', 41, 75),
(948, 'Chris Owens', 40, 70),
(949, 'Laura Olson', 84, 66),
(950, 'Randy Chapman', 21, 37),
(951, 'Douglas Phillips', 43, 37),
(952, 'Nicholas Simpson', 98, 27),
(953, 'Lisa Stanley', 79, 83),
(954, 'Gregory Holmes', 83, 82),
(955, 'Judy Jenkins', 63, 81),
(956, 'Roy Simpson', 20, 23),
(957, 'Marie Woods', 16, 28),
(958, 'Lisa Harris', 86, 39),
(959, 'Louis Medina', 29, 43),
(960, 'Todd Day', 36, 84),
(961, 'Martha Lynch', 46, 30),
(962, 'Heather Harper', 70, 62),
(963, 'Jessica Grant', 19, 29),
(964, 'Harold Torres', 76, 74),
(965, 'Donna Sanders', 7, 49),
(966, 'Debra Ortiz', 61, 59),
(967, 'Jean Reed', 99, 15),
(968, 'Louise King', 89, 22),
(969, 'Raymond Anderson', 17, 56),
(970, 'Elizabeth Reid', 91, 75),
(971, 'Jeremy Robinson', 85, 55),
(972, 'Jack Long', 54, 37),
(973, 'Melissa Williamson', 87, 16),
(974, 'Victor Daniels', 13, 54),
(975, 'Sarah Fuller', 48, 88),
(976, 'Ernest Carroll', 97, 48),
(977, 'Thomas Miller', 75, 74),
(978, 'Ralph Myers', 78, 55),
(979, 'Christina Tucker', 77, 52),
(980, 'John Chavez', 31, 75),
(981, 'Kevin Wallace', 96, 88),
(982, 'Chris Roberts', 43, 90),
(983, 'William Brown', 36, 83),
(984, 'Michelle Wood', 21, 58),
(985, 'Patrick Watkins', 23, 62),
(986, 'Betty George', 33, 54),
(987, 'Marie Griffin', 2, 41),
(988, 'Sharon Shaw', 95, 38),
(989, 'Nicole Roberts', 80, 43),
(990, 'Carlos Castillo', 6, 51),
(991, 'Terry Washington', 72, 38),
(992, 'Roger Cruz', 32, 72),
(993, 'Brenda Harper', 88, 31),
(994, 'Victor Phillips', 99, 15),
(995, 'Kevin Harper', 99, 79),
(996, 'Tina Jackson', 82, 55),
(997, 'Brandon Collins', 13, 89),
(998, 'Howard Welch', 81, 55),
(999, 'Johnny Spencer', 56, 32),
(1000, 'Lois Ellis', 56, 39);

-- --------------------------------------------------------

--
-- Tablo için tablo yapısı `users`
--

CREATE TABLE `users` (
  `uid` int(10) UNSIGNED ZEROFILL NOT NULL,
  `uname` varchar(30) NOT NULL,
  `upassword` varchar(20) NOT NULL
) ENGINE=InnoDB DEFAULT CHARSET=latin1;

--
-- Tablo döküm verisi `users`
--

INSERT INTO `users` (`uid`, `uname`, `upassword`) VALUES
(0000000001, 'admin', 'password'),
(0000000002, 'test', 'test'),
(0000000003, 'abc', '123');

-- --------------------------------------------------------

--
-- Tablo için tablo yapısı `ziyaretcidefteri`
--

CREATE TABLE `ziyaretcidefteri` (
  `isim` tinytext NOT NULL,
  `mesaj` text,
  `tarih` datetime DEFAULT NULL
) ENGINE=InnoDB DEFAULT CHARSET=latin1;

--
-- Tablo döküm verisi `ziyaretcidefteri`
--

INSERT INTO `ziyaretcidefteri` (`isim`, `mesaj`, `tarih`) VALUES
('oguzhan', 'merhaba', '2017-04-26 18:44:47');

--
-- Dökümü yapılmış tablolar için indeksler
--

--
-- Tablo için indeksler `boats`
--
ALTER TABLE `boats`
  ADD PRIMARY KEY (`bid`);

--
-- Tablo için indeksler `users`
--
ALTER TABLE `users`
  ADD PRIMARY KEY (`uid`,`uname`),
  ADD UNIQUE KEY `uid` (`uid`);

--
-- Dökümü yapılmış tablolar için AUTO_INCREMENT değeri
--

--
-- Tablo için AUTO_INCREMENT değeri `boats`
--
ALTER TABLE `boats`
  MODIFY `bid` int(11) NOT NULL AUTO_INCREMENT, AUTO_INCREMENT=51;
--
-- Tablo için AUTO_INCREMENT değeri `users`
--
ALTER TABLE `users`
  MODIFY `uid` int(10) UNSIGNED ZEROFILL NOT NULL AUTO_INCREMENT, AUTO_INCREMENT=4;
/*!40101 SET CHARACTER_SET_CLIENT=@OLD_CHARACTER_SET_CLIENT */;
/*!40101 SET CHARACTER_SET_RESULTS=@OLD_CHARACTER_SET_RESULTS */;
/*!40101 SET COLLATION_CONNECTION=@OLD_COLLATION_CONNECTION */;
